nome,nome_usuario,profissao,email,telefone,estado,link_imagem
Dalton Braga,dalton_braga98,Estrategista,dalton_braga@example.com,+55 (83) 7966-6575,Mato Grosso,https://avatars.githubusercontent.com/u/12992047
Dalton Costa,dalton_costa38,Gerente,dalton.costa@example.org,(78) 17529-3079,Pernambuco,https://cloudflare-ipfs.com/ipfs/Qmd3W5DuhgHirLHGVixi6V76LhCkZUz6pnFt5AJBiyvHye/avatar/689.jpg
Dalton Macedo,dalton_macedo,Designer,dalton_macedo5@example.org,(35) 71085-7106,Bahia,https://cloudflare-ipfs.com/ipfs/Qmd3W5DuhgHirLHGVixi6V76LhCkZUz6pnFt5AJBiyvHye/avatar/838.jpg
Dalton Saraiva,dalton.saraiva80,Técnico,dalton.saraiva42@example.net,+55 (90) 7831-8562,Maranhão,https://avatars.githubusercontent.com/u/71232738
Dalton Macedo,dalton.macedo,Diretor,dalton_macedo@example.com,(94) 50018-2805,Santa Catarina,https://cloudflare-ipfs.com/ipfs/Qmd3W5DuhgHirLHGVixi6V76LhCkZUz6pnFt5AJBiyvHye/avatar/195.jpg
Dalton Nogueira,dalton_nogueira42,Planejador,dalton_nogueira34@example.net,+55 (82) 7840-4440,Rio de Janeiro,https://avatars.githubusercontent.com/u/40977232
Dalton Santos,dalton.santos,Técnico,dalton.santos58@example.net,(36) 06741-8735,Pernambuco,https://avatars.githubusercontent.com/u/37433282
Dalton Moreira,dalton.moreira93,Planejador,dalton_moreira@example.net,+55 (17) 9931-1408,Rondônia,https://cloudflare-ipfs.com/ipfs/Qmd3W5DuhgHirLHGVixi6V76LhCkZUz6pnFt5AJBiyvHye/avatar/795.jpg
Dalton Franco,dalton.franco,Desenvolvedor,dalton_franco@example.org,+55 (05) 1575-5308,Rio Grande do Sul,https://cloudflare-ipfs.com/ipfs/Qmd3W5DuhgHirLHGVixi6V76LhCkZUz6pnFt5AJBiyvHye/avatar/546.jpg
Dalton Barros,dalton_barros,Produtor,dalton.barros65@example.net,+55 (74) 6580-0708,Santa Catarina,https://cloudflare-ipfs.com/ipfs/Qmd3W5DuhgHirLHGVixi6V76LhCkZUz6pnFt5AJBiyvHye/avatar/1220.jpg
Ana Franco,ana.franco14,Administrador,ana.franco@example.org,(98) 0458-1952,Tocantins,https://avatars.githubusercontent.com/u/84193782
Ana Martins,ana.martins75,Representante,ana_martins@example.com,+55 (79) 3713-6899,Mato Grosso,https://avatars.githubusercontent.com/u/19708128
Ana Saraiva,ana_saraiva28,Estrategista,ana.saraiva85@example.net,(22) 98711-5081,Piauí,https://avatars.githubusercontent.com/u/96907316
Ana Silva,ana.silva,Arquiteto,ana.silva55@example.com,+55 (23) 5674-1320,Bahia,https://avatars.githubusercontent.com/u/52718917
Ana Nogueira,ana_nogueira,Orquestrador,ana_nogueira@example.com,(82) 1546-0092,Minas Gerais,https://cloudflare-ipfs.com/ipfs/Qmd3W5DuhgHirLHGVixi6V76LhCkZUz6pnFt5AJBiyvHye/avatar/816.jpg
Ana Oliveira,ana_oliveira60,Planejador,ana_oliveira@example.org,+55 (50) 2604-5855,Rondônia,https://avatars.githubusercontent.com/u/45976012
Sra. Ana Moraes,ana_moraes93,Facilitador,ana.moraes10@example.net,(24) 4611-7880,Sergipe,https://avatars.githubusercontent.com/u/68742343
Ana Braga,ana.braga40,Assistente,ana.braga37@example.com,+55 (20) 6516-5749,Acre,https://avatars.githubusercontent.com/u/84653966
Ana Oliveira,ana.oliveira,Técnico,ana.oliveira@example.net,+55 (68) 4009-7629,Goiás,https://cloudflare-ipfs.com/ipfs/Qmd3W5DuhgHirLHGVixi6V76LhCkZUz6pnFt5AJBiyvHye/avatar/963.jpg
Ana Batista,ana.batista32,Designer,ana_batista20@example.net,+55 (09) 7224-5607,Goiás,https://avatars.githubusercontent.com/u/36114499
Maria Franco,maria.franco11,Policial,maria_franco45@example.com,(16) 6334-8153,Tocantins,https://avatars.githubusercontent.com/u/98428732
Maria Braga,maria.braga,Técnico,maria.braga52@example.org,(74) 01600-5971,Acre,https://cloudflare-ipfs.com/ipfs/Qmd3W5DuhgHirLHGVixi6V76LhCkZUz6pnFt5AJBiyvHye/avatar/909.jpg
Maria Souza,maria_souza55,Especialista,maria.souza@example.org,(70) 63571-1110,Amazonas,https://cloudflare-ipfs.com/ipfs/Qmd3W5DuhgHirLHGVixi6V76LhCkZUz6pnFt5AJBiyvHye/avatar/768.jpg
Maria Barros,maria_barros,Engenheiro,maria.barros53@example.com,+55 (09) 4906-2644,Paraná,https://avatars.githubusercontent.com/u/45042808
Maria Reis,maria_reis,Associado,maria_reis97@example.net,+55 (57) 6515-1933,São Paulo,https://cloudflare-ipfs.com/ipfs/Qmd3W5DuhgHirLHGVixi6V76LhCkZUz6pnFt5AJBiyvHye/avatar/819.jpg
Maria Costa,maria_costa95,Representante,maria_costa@example.com,(62) 0444-9949,Rondônia,https://avatars.githubusercontent.com/u/8548940
Sra. Maria Costa,maria_costa,Policial,maria.costa44@example.org,+55 (36) 6347-4936,Acre,https://avatars.githubusercontent.com/u/31523215
Maria Nogueira,maria.nogueira,Associado,maria.nogueira@example.net,+55 (25) 3684-9598,Pernambuco,https://cloudflare-ipfs.com/ipfs/Qmd3W5DuhgHirLHGVixi6V76LhCkZUz6pnFt5AJBiyvHye/avatar/661.jpg
Maria Carvalho,maria_carvalho63,Administrador,maria.carvalho67@example.org,(99) 54086-2915,Rio Grande do Sul,https://cloudflare-ipfs.com/ipfs/Qmd3W5DuhgHirLHGVixi6V76LhCkZUz6pnFt5AJBiyvHye/avatar/729.jpg
Maria Barros,maria_barros,Coordenador,maria_barros83@example.com,(41) 0174-7483,São Paulo,https://cloudflare-ipfs.com/ipfs/Qmd3W5DuhgHirLHGVixi6V76LhCkZUz6pnFt5AJBiyvHye/avatar/1183.jpg
JoÃ£o Costa,joa4jo.costa92,Orquestrador,joa4jo_costa@example.com,(02) 57502-1889,Bahia,https://avatars.githubusercontent.com/u/79407465
JoÃ£o Albuquerque,joa4jo_albuquerque,Orquestrador,joa4jo_albuquerque34@example.com,(32) 01242-6070,Espírito Santo,https://cloudflare-ipfs.com/ipfs/Qmd3W5DuhgHirLHGVixi6V76LhCkZUz6pnFt5AJBiyvHye/avatar/409.jpg
JoÃ£o Oliveira Neto,joa4jo_oliveira,Supervisor,joa4jo.oliveira@example.org,+55 (39) 3902-8037,São Paulo,https://cloudflare-ipfs.com/ipfs/Qmd3W5DuhgHirLHGVixi6V76LhCkZUz6pnFt5AJBiyvHye/avatar/77.jpg
JoÃ£o Batista,joa4jo.batista98,Policial,joa4jo_batista61@example.org,+55 (73) 3386-2300,Roraima,https://cloudflare-ipfs.com/ipfs/Qmd3W5DuhgHirLHGVixi6V76LhCkZUz6pnFt5AJBiyvHye/avatar/384.jpg
JoÃ£o Pereira,joa4jo.pereira,Assistente,joa4jo_pereira@example.net,+55 (51) 4784-1093,Bahia,https://avatars.githubusercontent.com/u/80698586
JoÃ£o Melo,joa4jo_melo39,Diretor,joa4jo_melo83@example.org,+55 (60) 8492-9560,Bahia,https://avatars.githubusercontent.com/u/22792717
Srta. JoÃ£o Macedo,joa4jo_macedo,Agente,joa4jo_macedo39@example.org,(28) 14615-4062,Goiás,https://avatars.githubusercontent.com/u/56919106
JoÃ£o Nogueira Neto,joa4jo.nogueira43,Especialista,joa4jo.nogueira@example.org,(07) 01328-4573,Pará,https://avatars.githubusercontent.com/u/54793506
JoÃ£o Martins,joa4jo.martins50,Técnico,joa4jo.martins8@example.org,(36) 3744-0229,Rio de Janeiro,https://avatars.githubusercontent.com/u/74231941
JoÃ£o Braga,joa4jo.braga,Analista,joa4jo.braga28@example.org,(22) 12549-5402,Amazonas,https://cloudflare-ipfs.com/ipfs/Qmd3W5DuhgHirLHGVixi6V76LhCkZUz6pnFt5AJBiyvHye/avatar/110.jpg
Leonardo Silva,leonardo_silva,Estrategista,leonardo_silva@example.net,(47) 41627-5819,Rio de Janeiro,https://avatars.githubusercontent.com/u/18425426
Dr. Leonardo Pereira,leonardo_pereira,Associado,leonardo.pereira96@example.com,(73) 73943-4798,Rio Grande do Norte,https://cloudflare-ipfs.com/ipfs/Qmd3W5DuhgHirLHGVixi6V76LhCkZUz6pnFt5AJBiyvHye/avatar/489.jpg
Leonardo Batista,leonardo.batista68,Planejador,leonardo.batista76@example.org,+55 (93) 1990-7034,Sergipe,https://cloudflare-ipfs.com/ipfs/Qmd3W5DuhgHirLHGVixi6V76LhCkZUz6pnFt5AJBiyvHye/avatar/1080.jpg
Leonardo Reis,leonardo.reis,Supervisor,leonardo.reis@example.org,(15) 61059-0394,Espírito Santo,https://cloudflare-ipfs.com/ipfs/Qmd3W5DuhgHirLHGVixi6V76LhCkZUz6pnFt5AJBiyvHye/avatar/674.jpg
Leonardo Moraes,leonardo_moraes12,Facilitador,leonardo_moraes@example.com,(73) 8975-8447,Pará,https://cloudflare-ipfs.com/ipfs/Qmd3W5DuhgHirLHGVixi6V76LhCkZUz6pnFt5AJBiyvHye/avatar/434.jpg
Leonardo Albuquerque Filho,leonardo.albuquerque48,Consultor,leonardo.albuquerque15@example.org,(49) 01316-0583,Pernambuco,https://avatars.githubusercontent.com/u/20362257
Leonardo Reis,leonardo.reis,Facilitador,leonardo.reis55@example.com,+55 (94) 2472-0575,Rio Grande do Norte,https://avatars.githubusercontent.com/u/98197019
Leonardo Carvalho,leonardo_carvalho,Analista,leonardo.carvalho@example.org,(92) 71957-2252,Santa Catarina,https://cloudflare-ipfs.com/ipfs/Qmd3W5DuhgHirLHGVixi6V76LhCkZUz6pnFt5AJBiyvHye/avatar/938.jpg
Leonardo Barros,leonardo_barros,Assistente,leonardo_barros@example.org,(33) 6032-7181,Amapá,https://cloudflare-ipfs.com/ipfs/Qmd3W5DuhgHirLHGVixi6V76LhCkZUz6pnFt5AJBiyvHye/avatar/1193.jpg
Sr. Leonardo Barros,leonardo_barros,Designer,leonardo.barros@example.com,+55 (34) 0203-4848,Goiás,https://cloudflare-ipfs.com/ipfs/Qmd3W5DuhgHirLHGVixi6V76LhCkZUz6pnFt5AJBiyvHye/avatar/896.jpg
Talita Nogueira,talita_nogueira,Orquestrador,talita.nogueira@example.net,(99) 56436-1309,Pará,https://avatars.githubusercontent.com/u/53824219
Talita Oliveira,talita.oliveira,Arquiteto,talita_oliveira@example.org,+55 (69) 6378-5506,Goiás,https://cloudflare-ipfs.com/ipfs/Qmd3W5DuhgHirLHGVixi6V76LhCkZUz6pnFt5AJBiyvHye/avatar/890.jpg
Talita Braga Jr.,talita.braga98,Assistente,talita_braga@example.org,+55 (54) 3707-1366,São Paulo,https://avatars.githubusercontent.com/u/90773401
Talita Melo,talita_melo,Executivo,talita.melo41@example.com,+55 (94) 7518-8316,Mato Grosso do Sul,https://avatars.githubusercontent.com/u/16615986
Talita Albuquerque,talita_albuquerque,Planejador,talita_albuquerque93@example.net,+55 (47) 7547-1822,Amapá,https://cloudflare-ipfs.com/ipfs/Qmd3W5DuhgHirLHGVixi6V76LhCkZUz6pnFt5AJBiyvHye/avatar/351.jpg
Talita Braga,talita.braga26,Facilitador,talita_braga@example.com,(25) 36568-1457,Rondônia,https://cloudflare-ipfs.com/ipfs/Qmd3W5DuhgHirLHGVixi6V76LhCkZUz6pnFt5AJBiyvHye/avatar/88.jpg
Talita Martins,talita.martins,Produtor,talita_martins@example.com,(34) 4346-3091,Rondônia,https://avatars.githubusercontent.com/u/37445985
Talita Oliveira Neto,talita.oliveira94,Consultor,talita.oliveira51@example.com,+55 (34) 2817-1748,Santa Catarina,https://cloudflare-ipfs.com/ipfs/Qmd3W5DuhgHirLHGVixi6V76LhCkZUz6pnFt5AJBiyvHye/avatar/1013.jpg
Talita Nogueira,talita_nogueira69,Gerente,talita_nogueira@example.net,(41) 2460-9031,Roraima,https://cloudflare-ipfs.com/ipfs/Qmd3W5DuhgHirLHGVixi6V76LhCkZUz6pnFt5AJBiyvHye/avatar/987.jpg
Dra. Talita Xavier,talita.xavier,Orquestrador,talita.xavier@example.com,+55 (79) 2952-8077,Goiás,https://cloudflare-ipfs.com/ipfs/Qmd3W5DuhgHirLHGVixi6V76LhCkZUz6pnFt5AJBiyvHye/avatar/1064.jpg
Rafael Batista,rafael.batista92,Desenvolvedor,rafael.batista@example.com,(07) 71363-9732,Goiás,https://avatars.githubusercontent.com/u/50876387
Rafael Pereira,rafael_pereira,Estrategista,rafael_pereira83@example.net,(80) 9889-3983,Santa Catarina,https://avatars.githubusercontent.com/u/23215652
Rafael Albuquerque,rafael.albuquerque,Especialista,rafael.albuquerque89@example.com,(05) 41464-6904,Amapá,https://cloudflare-ipfs.com/ipfs/Qmd3W5DuhgHirLHGVixi6V76LhCkZUz6pnFt5AJBiyvHye/avatar/769.jpg
Rafael Barros,rafael_barros73,Orquestrador,rafael.barros92@example.com,(31) 54838-6720,Amazonas,https://cloudflare-ipfs.com/ipfs/Qmd3W5DuhgHirLHGVixi6V76LhCkZUz6pnFt5AJBiyvHye/avatar/43.jpg
Rafael Oliveira Neto,rafael.oliveira62,Supervisor,rafael.oliveira@example.net,(69) 9279-0254,São Paulo,https://avatars.githubusercontent.com/u/26572012
Rafael Franco,rafael_franco49,Orquestrador,rafael_franco@example.org,+55 (38) 2810-7247,Paraná,https://cloudflare-ipfs.com/ipfs/Qmd3W5DuhgHirLHGVixi6V76LhCkZUz6pnFt5AJBiyvHye/avatar/1021.jpg
Rafael Oliveira,rafael_oliveira,Técnico,rafael_oliveira@example.org,(26) 2661-8539,Ceará,https://cloudflare-ipfs.com/ipfs/Qmd3W5DuhgHirLHGVixi6V76LhCkZUz6pnFt5AJBiyvHye/avatar/819.jpg
Rafael Santos,rafael.santos24,Representante,rafael_santos97@example.com,(22) 44774-7412,Goiás,https://avatars.githubusercontent.com/u/21262118
Rafael Albuquerque,rafael.albuquerque72,Planejador,rafael_albuquerque87@example.com,(80) 71820-0880,Mato Grosso do Sul,https://cloudflare-ipfs.com/ipfs/Qmd3W5DuhgHirLHGVixi6V76LhCkZUz6pnFt5AJBiyvHye/avatar/499.jpg
Rafael Braga,rafael_braga89,Supervisor,rafael.braga@example.net,(25) 46733-2424,Rio Grande do Norte,https://avatars.githubusercontent.com/u/91576724
